Type,X,Y,Size,Color,Degree,ModularityClass
Activity,-165.94534,83.2217,2.852459,#F3E74FFE,4,27
owl#Thing,-182.7332,2.3970292,15,#FF0004,61,3
Name,-165.18654,-41.903034,2.6393442,#F3EA51,3,3
Person,232.11038,17.940498,13.721312,#FC1D03,55,35
Animal,124.56508,5.5058556,4.344262,#F3D03EFE,11,11
Place,-262.07492,-155.90399,5.196721,#F4C234,15,4
Publisher,-24.56366,-326.24377,2.2131147,#EFF3C2,1,22
Company,-14.576294,-321.49954,3.918033,#F3D643FE,9,22
Genre,-304.48065,182.91718,3.0655737,#F3E44C,5,0
TopicalConcept,-271.32535,143.75531,5.409836,#F4BF31,16,0
Language,-212.30347,-28.04838,2.4262295,#F1EF89,2,3
Department,-347.5976,-371.36423,2.4262295,#F1EF89,2,18
GovernmentalAdministrativeRegion,-329.39633,-371.94846,4.557377,#F3CC3B,12,18
Software,-382.34485,162.07162,2.4262295,#F1EF89,2,8
Work,-383.90195,141.29005,5.196721,#F4C234,15,8
School,17.636383,-247.94675,2.2131147,#EFF3C2,1,31
EducationalInstitution,7.6223907,-254.30188,3.0655737,#F3E44C,5,31
Type,-273.1178,176.12349,2.6393442,#F3EA51,3,0
Agent,-97.4439,-137.93005,3.2786884,#F3E04A,6,30
Biomolecule,-125.566666,-72.48327,3.4918032,#F3DD47,7,1
Cartoon,-13.054237,-120.32643,2.6393442,#F3EA51,3,2
work,-14.593147,-128.61769,2.2131147,#EFF3C2,1,2
Case,-153.59245,-99.12958,2.4262295,#F1EF89,2,3
UnitOfWork,-166.71114,-66.645966,2.6393442,#F3EA51,3,3
CelestialBody,-226.3568,-206.25073,3.918033,#F3D643FE,9,4
ChemicalSubstance,-97.17996,-43.664284,3.0655737,#F3E44C,5,13
Document,-413.46378,109.4501,2.852459,#F3E74FFE,4,8
Gene,-108.8222,-92.818985,2.4262295,#F1EF89,2,1
GridironFootballPlayer,198.0849,185.80583,2.6393442,#F3EA51,3,16
Athlete,219.79092,148.26036,11.590164,#F94F01,45,16
Identifier,-223.99323,0.7609496,2.4262295,#F1EF89,2,3
Infrastructure,-160.90645,325.19214,4.344262,#F3D03EFE,11,5
ArchitecturalStructure,-203.5102,193.63351,5.196721,#F4C234,15,15
LegalCase,-145.44302,-118.84628,2.4262295,#F1EF89,2,3
MeanOfTransportation,-304.94855,-105.86555,5.196721,#F4C234,15,6
MotorsportRacer,164.08658,202.97401,2.6393442,#F3EA51,3,14
NaturalPlace,-366.65436,-211.83289,5.409836,#F4BF31,16,20
OrganisationMember,239.39722,57.020798,2.4262295,#F1EF89,2,35
Project,-163.30542,-83.9083,2.4262295,#F1EF89,2,3
Region,-305.28058,-311.86856,2.852459,#F3E74FFE,4,18
PopulatedPlace,-295.28613,-238.70126,4.9836063,#F4C536,14,7
RouteOfTransportation,-154.7034,386.73364,3.704918,#F3DA45,8,5
Image,-428.3242,89.94605,2.6393442,#F3EA51,3,8
AustralianFootballTeam,-88.6993,-319.68774,2.2131147,#EFF3C2,1,31
SportsTeam,-77.17576,-317.98325,4.557377,#F3CC3B,12,31
Database,-390.05823,124.31065,2.4262295,#F1EF89,2,8
SportFacility,-175.25574,233.45187,3.0655737,#F3E44C,5,15
Municipality,-311.93716,-381.40195,2.4262295,#F1EF89,2,18
RaceTrack,-159.09274,241.3006,2.4262295,#F1EF89,2,15
Tower,-203.88892,217.98218,2.6393442,#F3EA51,3,15
SportCompetitionResult,-135.92117,-4.658917,2.6393442,#F3EA51,3,3
Academic,221.61566,-11.230434,2.2131147,#EFF3C2,1,35
AcademicConference,-30.707083,196.11786,2.2131147,#EFF3C2,1,23
SocietalEvent,-43.801647,191.63052,4.7704916,#F3C939,13,23
AdultActor,275.29282,-122.07643,2.2131147,#EFF3C2,1,34
Actor,283.1997,-115.36862,2.6393442,#F3EA51,3,34
AmateurBoxer,168.95227,161.11961,2.2131147,#EFF3C2,1,16
Boxer,182.19235,159.29143,2.4262295,#F1EF89,2,16
Amphibian,126.45885,16.672234,2.2131147,#EFF3C2,1,11
AnatomicalStructure,-203.41841,-107.17639,4.344262,#F3D03EFE,11,17
Eukaryote,46.06604,11.463596,2.852459,#F3E74FFE,4,11
Arachnid,116.273605,-4.066538,2.2131147,#EFF3C2,1,11
Archaea,13.29738,3.779036,2.2131147,#EFF3C2,1,11
Species,3.9089918,7.4781694,2.852459,#F3E74FFE,4,11
Archbishop,323.18933,-66.9961,2.2131147,#EFF3C2,1,9
ChristianBishop,318.34888,-59.189774,2.4262295,#F1EF89,2,9
Architect,229.21698,-12.791645,2.2131147,#EFF3C2,1,35
Artery,-193.36815,-115.45582,2.2131147,#EFF3C2,1,17
Astronaut,246.49173,-8.453396,2.2131147,#EFF3C2,1,35
AustralianRulesFootballPlayer,191.97345,158.28392,2.2131147,#EFF3C2,1,16
Bacteria,13.219486,11.499993,2.2131147,#EFF3C2,1,11
BadmintonPlayer,198.10089,135.00978,2.2131147,#EFF3C2,1,16
BaseballPlayer,211.9531,173.5616,2.2131147,#EFF3C2,1,16
BasketballPlayer,191.55127,136.69948,2.2131147,#EFF3C2,1,16
BeachVolleyballPlayer,244.66406,184.75127,2.2131147,#EFF3C2,1,16
VolleyballPlayer,239.05502,175.99532,2.4262295,#F1EF89,2,16
BeautyQueen,226.39752,-7.481632,2.2131147,#EFF3C2,1,35
BiologicalDatabase,-389.82584,115.867195,2.2131147,#EFF3C2,1,8
Bodybuilder,217.94223,172.45717,2.2131147,#EFF3C2,1,16
Bone,-213.93285,-114.21216,2.2131147,#EFF3C2,1,17
Brain,-200.27567,-124.60313,2.2131147,#EFF3C2,1,17
Brewery,-3.358902,-319.1256,2.2131147,#EFF3C2,1,22
BusinessPerson,206.54688,20.950996,2.2131147,#EFF3C2,1,35
Canal,-445.9312,-247.12094,2.2131147,#EFF3C2,1,20
Stream,-439.4702,-242.0387,2.6393442,#F3EA51,3,20
Canoeist,203.04364,122.92348,2.2131147,#EFF3C2,1,16
Cardinal,293.64508,-50.126358,2.2131147,#EFF3C2,1,9
Cleric,302.04626,-42.605145,3.704918,#F3DA45,8,9
CareerStation,-55.609226,70.49023,2.4262295,#F1EF89,2,12
TimePeriod,-80.57903,58.539898,4.344262,#F3D03EFE,11,12
Cave,-356.22464,-221.91135,2.2131147,#EFF3C2,1,20
Chef,237.61514,-12.353382,2.2131147,#EFF3C2,1,35
ChessPlayer,229.55606,169.84633,2.2131147,#EFF3C2,1,16
CollegeCoach,208.69763,80.253876,2.2131147,#EFF3C2,1,35
Coach,210.87323,69.424446,2.852459,#F3E74FFE,4,35
Colour,-208.9701,18.11985,2.2131147,#EFF3C2,1,3
Crater,-378.7771,-230.2161,2.4262295,#F1EF89,2,20
CricketGround,-166.31927,230.22253,2.2131147,#EFF3C2,1,15
Cricketer,226.61316,125.55315,2.2131147,#EFF3C2,1,16
Crustacean,110.638626,7.2742004,2.2131147,#EFF3C2,1,11
Curler,235.0809,257.89673,2.2131147,#EFF3C2,1,10
WinterSportPlayer,228.40845,246.39455,4.557377,#F3CC3B,12,10
Currency,-191.30084,-27.192156,2.2131147,#EFF3C2,1,3
Cyclist,223.81573,172.58434,2.2131147,#EFF3C2,1,16
Dam,-149.34654,322.3191,2.2131147,#EFF3C2,1,5
DartsPlayer,219.80765,124.041275,2.2131147,#EFF3C2,1,16
Deity,-93.212296,-129.25902,2.2131147,#EFF3C2,1,30
Economist,201.14102,18.676796,2.2131147,#EFF3C2,1,35
Engineer,220.51355,42.028206,2.2131147,#EFF3C2,1,35
Entomologist,248.13208,-51.462112,2.2131147,#EFF3C2,1,35
Scientist,242.55698,-42.311733,3.0655737,#F3E44C,5,35
FigureSkater,230.3858,262.5996,2.2131147,#EFF3C2,1,10
Fish,131.07503,-4.518341,2.2131147,#EFF3C2,1,11
FormerMunicipality,-303.0343,-381.99667,2.2131147,#EFF3C2,1,18
FormulaOneTeam,-71.86932,-330.24295,2.2131147,#EFF3C2,1,31
Fungus,41.410507,18.62742,2.2131147,#EFF3C2,1,11
GaelicGamesPlayer,195.61923,140.76897,2.2131147,#EFF3C2,1,16
Garden,-275.59866,-156.64215,2.2131147,#EFF3C2,1,4
GivenName,-163.00928,-52.736805,2.2131147,#EFF3C2,1,3
Glacier,-378.45346,-219.94046,2.2131147,#EFF3C2,1,20
GolfCourse,-168.3457,238.49173,2.2131147,#EFF3C2,1,15
GolfPlayer,197.96051,126.377,2.2131147,#EFF3C2,1,16
Grape,73.03038,-40.428833,2.2131147,#EFF3C2,1,11
FloweringPlant,71.207535,-32.40419,2.4262295,#F1EF89,2,11
Gymnast,231.9126,123.23341,2.2131147,#EFF3C2,1,16
HandballPlayer,207.29678,126.71126,2.2131147,#EFF3C2,1,16
HandballTeam,-92.14769,-325.25583,2.2131147,#EFF3C2,1,31
HistoricalEvent,-56.48987,190.8927,2.2131147,#EFF3C2,1,23
Horse,98.59328,-17.320454,2.2131147,#EFF3C2,1,11
Mammal,108.13454,-17.277477,2.852459,#F3E74FFE,4,11
HorseTrainer,226.87912,45.00981,2.2131147,#EFF3C2,1,35
IceHockeyPlayer,215.86694,243.67018,2.2131147,#EFF3C2,1,10
Island,-299.322,-256.53552,2.4262295,#F1EF89,2,7
Jockey,194.57089,147.05803,2.2131147,#EFF3C2,1,16
Journalist,215.11713,37.97084,2.2131147,#EFF3C2,1,35
LacrossePlayer,195.12479,153.36076,2.2131147,#EFF3C2,1,16
Lighthouse,-206.30206,226.05457,2.2131147,#EFF3C2,1,15
Medician,235.30511,-49.975266,2.2131147,#EFF3C2,1,35
MilitaryService,-45.830128,74.58402,2.2131147,#EFF3C2,1,12
Mineral,-86.310074,-41.827362,2.2131147,#EFF3C2,1,13
Model,214.92645,44.067764,2.2131147,#EFF3C2,1,35
Mollusca,113.567245,12.926849,2.2131147,#EFF3C2,1,11
Motorcycle,-302.38974,-118.92814,2.2131147,#EFF3C2,1,6
MotorcycleRider,144.31989,212.31062,2.6393442,#F3EA51,3,14
MountainPass,-372.29013,-197.89337,2.2131147,#EFF3C2,1,20
Muscle,-215.44304,-107.70481,2.2131147,#EFF3C2,1,17
Nerve,-206.7808,-124.22392,2.2131147,#EFF3C2,1,17
NetballPlayer,238.7475,129.9152,2.2131147,#EFF3C2,1,16
Noble,201.46591,12.439705,2.2131147,#EFF3C2,1,35
PokerPlayer,189.73514,150.58565,2.2131147,#EFF3C2,1,16
PoliceOfficer,202.07922,25.35128,2.2131147,#EFF3C2,1,35
Priest,304.51117,-57.196297,2.2131147,#EFF3C2,1,9
PublicTransitSystem,-11.433884,-348.68155,2.6393442,#F3EA51,3,22
Racecourse,-150.51993,243.39023,2.2131147,#EFF3C2,1,15
RailwayTunnel,-164.60123,387.02563,2.2131147,#EFF3C2,1,5
Rocket,-296.353,-119.12677,2.2131147,#EFF3C2,1,6
Sailor,223.97855,119.935196,2.2131147,#EFF3C2,1,16
SiteOfSpecialScientificInterest,-254.42642,-143.28973,2.2131147,#EFF3C2,1,4
Skater,214.93018,249.85655,2.2131147,#EFF3C2,1,10
SkiArea,-171.1979,248.9126,2.4262295,#F1EF89,2,15
Skier,226.19104,258.01074,2.2131147,#EFF3C2,1,10
SnookerPlayer,252.1091,157.46556,2.4262295,#F1EF89,2,16
SoccerManager,187.52817,49.1576,2.2131147,#EFF3C2,1,35
SportsManager,200.15744,42.409615,2.4262295,#F1EF89,2,35
SoccerPlayer,243.48782,147.02,2.2131147,#EFF3C2,1,16
SpeedwayRider,134.52951,209.21178,2.2131147,#EFF3C2,1,14
Sport,-150.96674,109.54889,2.6393442,#F3EA51,3,27
Spy,206.73578,14.736099,2.2131147,#EFF3C2,1,35
SquashPlayer,190.05591,143.3655,2.2131147,#EFF3C2,1,16
SumoWrestler,167.561,136.98982,2.2131147,#EFF3C2,1,16
Wrestler,180.75546,140.38268,2.4262295,#F1EF89,2,16
Swimmer,209.07144,120.42848,2.2131147,#EFF3C2,1,16
TableTennisPlayer,202.3877,170.60057,2.2131147,#EFF3C2,1,16
TelevisionHost,264.77832,65.79412,2.2131147,#EFF3C2,1,35
Presenter,263.03656,54.642326,2.6393442,#F3EA51,3,35
TennisPlayer,239.96344,135.75978,2.2131147,#EFF3C2,1,16
Tunnel,-191.36163,187.04947,2.2131147,#EFF3C2,1,15
Vein,-193.91751,-121.72931,2.2131147,#EFF3C2,1,17
Volcano,-377.621,-201.20679,2.2131147,#EFF3C2,1,20
WineRegion,-261.54617,-141.44281,2.2131147,#EFF3C2,1,4
Winery,-10.030746,-311.77103,2.2131147,#EFF3C2,1,22
WorldHeritageSite,-256.71042,-168.01758,2.2131147,#EFF3C2,1,4
MusicalWork,-456.96338,125.34447,3.918033,#F3D643FE,9,8
WaterwayTunnel,-145.94905,380.68878,2.2131147,#EFF3C2,1,5
AmericanFootballCoach,201.73557,80.95352,2.2131147,#EFF3C2,1,35
CricketTeam,-93.25219,-315.6503,2.2131147,#EFF3C2,1,31
MilitaryPerson,249.61282,41.9337,2.2131147,#EFF3C2,1,35
SpeedwayTeam,-85.88093,-326.23135,2.2131147,#EFF3C2,1,31
BroadcastNetwork,-73.168785,-261.52982,2.2131147,#EFF3C2,1,31
Broadcaster,-65.197426,-256.69342,2.852459,#F3E74FFE,4,31
Fashion,-256.44092,149.60774,2.2131147,#EFF3C2,1,0
Galaxy,-217.89575,-198.29816,2.2131147,#EFF3C2,1,4
LawFirm,-19.090897,-331.9637,2.2131147,#EFF3C2,1,22
MartialArtist,194.06,131.00505,2.2131147,#EFF3C2,1,16
River,-446.9523,-238.26059,2.2131147,#EFF3C2,1,20
Youtuber,258.61707,31.88015,2.2131147,#EFF3C2,1,35
AmericanLeader,211.40738,2.9635239,2.2131147,#EFF3C2,1,35
ChristianPatriarch,307.89905,-51.7071,2.2131147,#EFF3C2,1,9
College,14.455765,-260.9199,2.2131147,#EFF3C2,1,31
ConcentrationCamp,-272.57126,-164.1561,2.2131147,#EFF3C2,1,4
Continent,-306.14188,-229.9035,2.2131147,#EFF3C2,1,7
Judge,237.74316,46.232788,2.2131147,#EFF3C2,1,35
Ligament,-200.10985,-118.1604,2.2131147,#EFF3C2,1,17
Lymph,-191.14578,-109.46486,2.2131147,#EFF3C2,1,17
NationalCollegiateAthleticAssociationAthlete,242.38208,153.68004,2.2131147,#EFF3C2,1,16
Pilot,204.65817,32.073776,2.2131147,#EFF3C2,1,35
Rower,216.13992,119.19484,2.2131147,#EFF3C2,1,16
Surname,-156.17743,-50.19186,2.2131147,#EFF3C2,1,3
VoiceActor,282.0426,-124.849686,2.2131147,#EFF3C2,1,34
Diocese,-299.82904,-338.06174,2.2131147,#EFF3C2,1,18
ClericalAdministrativeRegion,-303.4086,-346.3867,2.852459,#F3E74FFE,4,18
Embryology,-206.94621,-117.78631,2.2131147,#EFF3C2,1,17
HorseRider,195.8555,165.16438,2.2131147,#EFF3C2,1,16
PlayboyPlaymate,209.85437,-3.5884247,2.2131147,#EFF3C2,1,35
SnookerChamp,262.3885,159.53853,2.2131147,#EFF3C2,1,16
VolleyballCoach,200.02231,74.35705,2.2131147,#EFF3C2,1,35
HollywoodCartoon,-6.9568863,-124.99605,2.2131147,#EFF3C2,1,2
MusicFestival,-40.390594,204.22241,2.2131147,#EFF3C2,1,23
Constellation,-235.40999,-212.31512,2.2131147,#EFF3C2,1,4
MedicalSpecialty,-159.594,-17.138466,2.2131147,#EFF3C2,1,3
LaunchPad,-153.05008,315.80527,2.2131147,#EFF3C2,1,5
SpaceStation,-293.3771,-113.210045,2.2131147,#EFF3C2,1,6
AcademicJournal,-520.53784,259.86072,2.2131147,#EFF3C2,1,38
PeriodicalLiterature,-512.7569,254.29857,3.0655737,#F3E44C,5,38
AdministrativeRegion,-320.68286,-340.96194,2.852459,#F3E74FFE,4,18
Aircraft,-328.24814,-114.154434,2.4262295,#F1EF89,2,6
Airport,-170.58961,332.55795,2.2131147,#EFF3C2,1,5
Album,-454.02002,135.30547,2.2131147,#EFF3C2,1,8
AmericanFootballPlayer,187.5712,191.01683,2.2131147,#EFF3C2,1,16
AmusementParkAttraction,-178.05603,199.54071,2.6393442,#F3EA51,3,15
Anime,-20.628212,-122.62459,2.2131147,#EFF3C2,1,2
Artist,287.14825,-86.412735,4.344262,#F3D03EFE,11,34
ArtistDiscography,-463.2873,134.30194,2.2131147,#EFF3C2,1,8
Artwork,-400.86768,163.6859,2.6393442,#F3EA51,3,8
Asteroid,-215.73593,-205.33923,2.2131147,#EFF3C2,1,4
Automobile,-314.77542,-120.42473,2.2131147,#EFF3C2,1,6
Award,-139.39021,22.400316,2.6393442,#F3EA51,3,3
Band,-28.035233,-208.65256,2.2131147,#EFF3C2,1,31
Group,-30.854172,-218.8808,2.6393442,#F3EA51,3,31
Bank,-4.408905,-327.43,2.2131147,#EFF3C2,1,22
BaseballSeason,-328.33588,-33.006947,2.2131147,#EFF3C2,1,19
SportsTeamSeason,-317.80334,-33.46774,3.2786884,#F3E04A,6,19
BasketballTeam,-78.54995,-331.3012,2.2131147,#EFF3C2,1,31
BodyOfWater,-417.78925,-234.10544,3.2786884,#F3E04A,6,20
Bridge,-142.91054,387.4569,2.2131147,#EFF3C2,1,5
Building,-279.37357,295.38458,4.7704916,#F3C939,13,21
BusCompany,-15.703354,-356.1814,2.2131147,#EFF3C2,1,22
ChemicalCompound,-90.222725,-52.060337,2.2131147,#EFF3C2,1,13
ClassicalMusicComposition,-467.24323,120.681175,2.2131147,#EFF3C2,1,8
ComedyGroup,-35.237015,-208.91736,2.2131147,#EFF3C2,1,31
Convention,-52.08303,181.62265,2.2131147,#EFF3C2,1,23
Criminal,188.41803,29.009583,2.4262295,#F1EF89,2,35
CyclingRace,-16.419601,277.11948,2.2131147,#EFF3C2,1,28
Race,-21.72477,270.1308,2.852459,#F3E74FFE,4,28
CyclingTeam,-84.998436,-332.38446,2.2131147,#EFF3C2,1,31
Device,-292.6648,34.501118,3.918033,#F3D643FE,9,36
Disease,-212.19699,-10.45434,2.2131147,#EFF3C2,1,3
Drug,-52.449654,-69.63368,3.0655737,#F3E44C,5,13
Earthquake,-63.46047,156.62067,2.2131147,#EFF3C2,1,23
NaturalEvent,-65.650024,147.68474,2.852459,#F3E74FFE,4,23
Election,-53.78645,199.41681,2.2131147,#EFF3C2,1,23
Enzyme,-113.95127,-72.66921,2.2131147,#EFF3C2,1,1
EthnicGroup,-179.71793,32.130512,2.2131147,#EFF3C2,1,3
Event,-89.7749,125.88083,3.4918032,#F3DD47,7,23
Film,-379.0822,128.77005,2.2131147,#EFF3C2,1,8
FilmFestival,-47.46764,203.90927,2.2131147,#EFF3C2,1,23
Food,-107.24029,-4.1227736,2.6393442,#F3EA51,3,33
FootballLeagueSeason,-338.45804,-38.366825,2.4262295,#F1EF89,2,19
Game,-167.37807,113.01134,2.6393442,#F3EA51,3,27
GolfTournament,13.381046,277.368,2.2131147,#EFF3C2,1,28
Tournament,7.2678566,269.02124,3.0655737,#F3E44C,5,28
HistoricPlace,-249.25711,-148.26254,2.2131147,#EFF3C2,1,4
HockeyTeam,-83.3603,-306.98734,2.2131147,#EFF3C2,1,31
Holiday,-18.074432,88.06076,2.2131147,#EFF3C2,1,24
TimeInterval,-12.794876,86.21704,2.2131147,#EFF3C2,1,24
HorseRace,-23.606968,279.47333,2.2131147,#EFF3C2,1,28
Hospital,-28.191109,119.96063,2.2131147,#EFF3C2,1,25
building,-28.53019,114.3793,2.2131147,#EFF3C2,1,25
HumanGene,-101.526024,-100.88987,2.2131147,#EFF3C2,1,1
Insect,123.180405,-7.0856915,2.2131147,#EFF3C2,1,11
Library,18.259811,-254.65274,2.2131147,#EFF3C2,1,31
Locomotive,-306.6163,-123.587494,2.2131147,#EFF3C2,1,6
Magazine,-508.45343,264.79095,2.2131147,#EFF3C2,1,38
MilitaryConflict,-29.77213,189.85706,2.2131147,#EFF3C2,1,23
MilitaryStructure,-190.99945,178.65125,2.4262295,#F1EF89,2,15
Monument,-226.09335,186.55548,2.6393442,#F3EA51,3,15
Mountain,-362.02896,-225.85678,2.2131147,#EFF3C2,1,20
Musical,-456.0827,113.35741,2.2131147,#EFF3C2,1,8
NCAATeamSeason,-319.24078,-43.283447,2.2131147,#EFF3C2,1,19
Newspaper,-504.34143,259.05505,2.2131147,#EFF3C2,1,38
Organisation,-31.522903,-249.98163,6.47541,#F4AE25,21,31
Pandemic,-211.70988,13.229038,2.2131147,#EFF3C2,1,3
Park,-268.84314,-143.42755,2.2131147,#EFF3C2,1,4
PersonFunction,-154.65956,40.554264,2.6393442,#F3EA51,3,3
Philosopher,209.32346,38.59932,2.2131147,#EFF3C2,1,35
Planet,-225.5515,-195.7298,2.2131147,#EFF3C2,1,4
Plant,64.04797,-14.006481,4.344262,#F3D03EFE,11,11
Politician,321.364,54.86853,5.409836,#F4BF31,16,26
PowerStation,-144.18579,330.7162,2.4262295,#F1EF89,2,5
ProgrammingLanguage,-220.32724,-37.234863,2.2131147,#EFF3C2,1,3
ProtectedArea,-265.4867,-168.768,2.2131147,#EFF3C2,1,4
Protein,-111.79779,-79.634,2.2131147,#EFF3C2,1,1
RacingDriver,135.8511,236.95866,3.0655737,#F3E44C,5,14
RadioHost,270.88782,61.70907,2.2131147,#EFF3C2,1,35
RadioProgram,-372.53262,133.20615,2.2131147,#EFF3C2,1,8
RadioStation,-76.49977,-255.20102,2.2131147,#EFF3C2,1,31
RailwayLine,-155.68628,398.21814,2.2131147,#EFF3C2,1,5
RecordLabel,-23.869492,-316.85983,2.2131147,#EFF3C2,1,22
Religious,180.76743,-2.3368683,2.852459,#F3E74FFE,4,35
Reptile,118.89345,16.56036,2.2131147,#EFF3C2,1,11
ResearchProject,-161.31746,-92.405174,2.2131147,#EFF3C2,1,3
Road,-144.11784,393.82068,2.2131147,#EFF3C2,1,5
RoadJunction,-149.3443,397.5979,2.2131147,#EFF3C2,1,5
Royalty,288.47992,9.797638,2.852459,#F3E74FFE,4,35
RugbyClub,4.7179565,-211.83463,2.2131147,#EFF3C2,1,31
SportsClub,-2.5479279,-217.61972,2.852459,#F3E74FFE,4,31
RugbyPlayer,243.07373,140.79875,2.2131147,#EFF3C2,1,16
Sales,-162.39938,92.60308,2.2131147,#EFF3C2,1,27
Settlement,-261.15204,-276.01886,3.2786884,#F3E04A,6,7
Ship,-291.54776,-105.51729,2.2131147,#EFF3C2,1,6
Single,-468.1147,128.16287,2.2131147,#EFF3C2,1,8
SoccerClub,9.497696,-202.95435,2.4262295,#F1EF89,2,31
SoccerClubSeason,-326.17062,-40.24289,2.2131147,#EFF3C2,1,19
SoccerTournament,6.1367226,278.1806,2.2131147,#EFF3C2,1,28
Song,-476.3128,116.11803,2.4262295,#F1EF89,2,8
Sound,-418.91092,102.71286,2.2131147,#EFF3C2,1,8
SpaceMission,-31.879026,183.99112,2.2131147,#EFF3C2,1,23
SportsEvent,-18.795914,239.07642,4.344262,#F3D03EFE,11,28
SportsSeason,-260.7359,-19.747124,2.6393442,#F3EA51,3,19
SportsTeamMember,239.02216,69.24661,2.2131147,#EFF3C2,1,35
Star,-207.32356,-207.60635,2.4262295,#F1EF89,2,4
Station,-132.9357,352.28055,3.0655737,#F3E44C,5,5
SupremeCourtOfTheUnitedStatesCase,-140.86763,-127.612335,2.2131147,#EFF3C2,1,3
TelevisionEpisode,-370.79562,147.81186,2.2131147,#EFF3C2,1,8
TelevisionSeason,-389.0907,153.77896,2.2131147,#EFF3C2,1,8
TelevisionShow,-369.63547,140.3156,2.2131147,#EFF3C2,1,8
TelevisionStation,-72.31678,-249.693,2.2131147,#EFF3C2,1,31
TennisTournament,15.694263,264.54025,2.2131147,#EFF3C2,1,28
Tenure,-68.751,59.761654,2.2131147,#EFF3C2,1,12
TopLevelDomain,-235.69601,0.6673699,2.2131147,#EFF3C2,1,3
Train,-315.93265,-96.68023,2.2131147,#EFF3C2,1,6
University,11.257004,-245.35068,2.2131147,#EFF3C2,1,31
VideoGame,-379.58792,170.40027,2.2131147,#EFF3C2,1,8
Website,-376.09024,153.33392,2.2131147,#EFF3C2,1,8
WomensTennisAssociationTournament,17.39568,271.6479,2.2131147,#EFF3C2,1,28
Writer,195.5422,-51.478447,3.4918032,#F3DD47,7,35
WrittenWork,-495.51538,216.33032,5.409836,#F4BF31,16,38
Year,-72.00427,49.49704,2.2131147,#EFF3C2,1,12
YearInSpaceflight,-66.440384,53.205097,2.2131147,#EFF3C2,1,12
Airline,-7.5568237,-356.17834,2.2131147,#EFF3C2,1,22
Country,-311.9487,-248.46475,2.4262295,#F1EF89,2,7
FictionalCharacter,-70.59013,-159.57077,3.2786884,#F3E04A,6,30
MusicGenre,-313.6395,190.00317,2.2131147,#EFF3C2,1,0
RoadTunnel,-161.73816,394.7791,2.2131147,#EFF3C2,1,5
Saint,312.4344,-40.69312,2.2131147,#EFF3C2,1,9
SpaceShuttle,-308.9511,-92.74249,2.2131147,#EFF3C2,1,6
AmericanFootballTeam,-88.1952,-311.41296,2.2131147,#EFF3C2,1,31
BaseballTeam,-75.388725,-306.45694,2.2131147,#EFF3C2,1,31
Bird,111.997604,1.1948624,2.2131147,#EFF3C2,1,11
Pope,298.8908,-54.290718,2.2131147,#EFF3C2,1,9
SnookerWorldRanking,-123.626526,-2.327374,2.2131147,#EFF3C2,1,3
SolarEclipse,-56.272568,146.24432,2.2131147,#EFF3C2,1,23
Monarch,210.6307,32.76178,2.2131147,#EFF3C2,1,35
MountainRange,-369.46387,-225.84763,2.2131147,#EFF3C2,1,20
OfficeHolder,261.7828,18.218285,2.2131147,#EFF3C2,1,35
Spacecraft,-315.98993,-114.078835,2.2131147,#EFF3C2,1,6
Valley,-352.90833,-215.8906,2.2131147,#EFF3C2,1,20
AcademicSubject,-263.27835,159.7296,2.2131147,#EFF3C2,1,0
Agglomeration,-293.21753,-224.80133,2.2131147,#EFF3C2,1,7
Algorithm,-153.26125,-7.5275884,2.2131147,#EFF3C2,1,3
Altitude,-213.42041,7.495726,2.2131147,#EFF3C2,1,3
Archeologist,250.11401,-4.0611,2.2131147,#EFF3C2,1,35
ArcherPlayer,208.3211,169.32735,2.2131147,#EFF3C2,1,16
Archipelago,-355.38596,-203.06921,2.2131147,#EFF3C2,1,20
Area,-187.73866,-31.650362,2.2131147,#EFF3C2,1,3
Arena,-209.6764,181.7883,2.2131147,#EFF3C2,1,15
Aristocrat,205.8793,1.37854,2.2131147,#EFF3C2,1,35
Arrondissement,-323.02844,-359.9799,2.2131147,#EFF3C2,1,18
ArtisticGenre,-301.65457,192.24963,2.2131147,#EFF3C2,1,0
Athletics,-142.73726,115.39883,2.2131147,#EFF3C2,1,27
AthleticsPlayer,202.07492,130.23863,2.2131147,#EFF3C2,1,16
Atoll,-299.8286,-264.26602,2.2131147,#EFF3C2,1,7
Attack,-44.014366,178.19577,2.2131147,#EFF3C2,1,23
Beach,-352.68555,-209.12509,2.2131147,#EFF3C2,1,20
Biathlete,214.46085,256.68555,2.2131147,#EFF3C2,1,10
Biologist,236.42386,-56.475483,2.2131147,#EFF3C2,1,35
Blazon,-158.15631,16.24891,2.2131147,#EFF3C2,1,3
BloodVessel,-212.96959,-120.57832,2.2131147,#EFF3C2,1,17
BobsleighAthlete,220.23889,254.47713,2.2131147,#EFF3C2,1,10
Browser,-200.93056,26.524487,2.2131147,#EFF3C2,1,3
BullFighter,235.29623,165.80345,2.2131147,#EFF3C2,1,16
CanadianFootballPlayer,193.2887,195.62453,2.2131147,#EFF3C2,1,16
CanadianFootballTeam,-66.4023,-324.11383,2.2131147,#EFF3C2,1,31
Canton,-319.19028,-376.69736,2.2131147,#EFF3C2,1,18
Cape,-381.53018,-213.20398,2.2131147,#EFF3C2,1,20
CardinalDirection,-282.8267,136.10872,2.2131147,#EFF3C2,1,0
Cat,107.33067,-26.643038,2.2131147,#EFF3C2,1,11
Caterer,-10.865875,-332.33206,2.2131147,#EFF3C2,1,22
Cemetery,-247.90172,-155.42383,2.2131147,#EFF3C2,1,4
ChartsPlacements,-163.39754,-21.14024,2.2131147,#EFF3C2,1,3
ChemicalElement,-84.28239,-48.473904,2.2131147,#EFF3C2,1,13
Cipher,-183.10316,-28.182722,2.2131147,#EFF3C2,1,3
CollectionOfValuables,-402.46033,144.77386,2.4262295,#F1EF89,2,8
Community,-287.9779,-248.99277,2.2131147,#EFF3C2,1,7
CountrySeat,-274.07257,-149.00015,2.2131147,#EFF3C2,1,4
Covid19,-205.46167,-20.188696,2.2131147,#EFF3C2,1,3
CrossCountrySkier,240.7731,244.68471,2.2131147,#EFF3C2,1,10
DBpedian,243.95175,45.046265,2.2131147,#EFF3C2,1,35
Deanery,-293.94775,-342.4661,2.2131147,#EFF3C2,1,18
Demographics,-213.54974,-4.654446,2.2131147,#EFF3C2,1,3
Depth,-156.93378,-11.644839,2.2131147,#EFF3C2,1,3
Desert,-366.279,-197.06165,2.2131147,#EFF3C2,1,20
Dike,-171.90334,320.8425,2.2131147,#EFF3C2,1,5
Diploma,-177.79506,-30.252249,2.2131147,#EFF3C2,1,3
District,-325.6927,-389.10776,2.4262295,#F1EF89,2,18
DistrictWaterBoard,-318.15225,-363.8411,2.2131147,#EFF3C2,1,18
DocumentType,-275.85532,185.41554,2.2131147,#EFF3C2,1,0
Dog,100.39934,-24.386185,2.2131147,#EFF3C2,1,11
Egyptologist,260.80594,11.231293,2.2131147,#EFF3C2,1,35
ElectionDiagram,-153.83197,12.461353,2.2131147,#EFF3C2,1,3
Employer,-87.74573,-137.20712,2.2131147,#EFF3C2,1,30
Family,-98.866516,-149.99223,2.4262295,#F1EF89,2,30
Farmer,232.01132,47.97535,2.2131147,#EFF3C2,1,35
Fencer,197.74652,159.5453,2.2131147,#EFF3C2,1,16
File,-410.38644,100.87907,2.2131147,#EFF3C2,1,8
FileSystem,-190.858,31.717184,2.2131147,#EFF3C2,1,3
Flag,-196.92863,-28.275915,2.2131147,#EFF3C2,1,3
Forest,-380.86346,-206.5303,2.2131147,#EFF3C2,1,20
GatedCommunity,-282.6055,-238.86499,2.2131147,#EFF3C2,1,7
GeneLocation,-216.27419,36.636444,2.6393442,#F3EA51,3,3
GeologicalPeriod,-82.65877,71.00245,2.2131147,#EFF3C2,1,12
GovernmentType,-268.43787,184.75444,2.2131147,#EFF3C2,1,0
GrossDomesticProduct,-200.67505,-23.791136,2.2131147,#EFF3C2,1,3
GrossDomesticProductPerCapita,-204.80052,22.542564,2.2131147,#EFF3C2,1,3
HighDiver,239.85114,160.44673,2.2131147,#EFF3C2,1,16
HistoricalPeriod,-65.55536,65.73828,2.2131147,#EFF3C2,1,12
HistoricalRegion,-297.44717,-313.08585,2.2131147,#EFF3C2,1,18
HockeyClub,-2.378601,-207.47305,2.2131147,#EFF3C2,1,31
Hormone,-119.04187,-85.97859,2.2131147,#EFF3C2,1,1
HotSpring,-360.25583,-198.87177,2.2131147,#EFF3C2,1,20
Ideology,-284.14227,149.33194,2.2131147,#EFF3C2,1,0
Infrastucture,-218.31032,201.60602,2.4262295,#F1EF89,2,15
Intercommunality,-282.66064,-232.10999,2.2131147,#EFF3C2,1,7
Lawyer,222.08447,47.931435,2.2131147,#EFF3C2,1,35
LineOfFashion,-394.8263,134.64468,2.2131147,#EFF3C2,1,8
Linguist,208.3721,8.578133,2.2131147,#EFF3C2,1,35
Lipid,-118.36322,-79.573265,2.2131147,#EFF3C2,1,1
List,-184.30032,56.03825,2.852459,#F3E74FFE,4,3
LiteraryGenre,-314.4227,183.11687,2.2131147,#EFF3C2,1,0
Locality,-287.05737,-227.29794,2.2131147,#EFF3C2,1,7
Lock,-161.30493,313.5003,2.2131147,#EFF3C2,1,5
LunarCrater,-382.03278,-237.39423,2.2131147,#EFF3C2,1,20
Man,233.16873,-8.304287,2.2131147,#EFF3C2,1,35
MathematicalConcept,-269.23605,158.00407,2.2131147,#EFF3C2,1,0
Media,-174.53001,29.759607,2.2131147,#EFF3C2,1,3
Medicine,-151.38791,2.592081,2.2131147,#EFF3C2,1,3
Meeting,-36.869087,179.61319,2.2131147,#EFF3C2,1,23
MemberResistanceMovement,202.98123,6.656769,2.2131147,#EFF3C2,1,35
MicroRegion,-335.45016,-359.50485,2.2131147,#EFF3C2,1,18
MilitaryVehicle,-319.4104,-102.30017,2.2131147,#EFF3C2,1,6
Mill,-233.78629,219.6807,3.0655737,#F3E44C,5,15
Mine,-246.0416,-165.08926,2.4262295,#F1EF89,2,4
MotocycleRacer,135.55887,216.32698,2.2131147,#EFF3C2,1,14
MotorRace,-29.35801,274.30994,2.2131147,#EFF3C2,1,28
MovieDirector,215.07724,-7.994179,2.2131147,#EFF3C2,1,35
MovieGenre,-308.32898,193.94188,2.2131147,#EFF3C2,1,0
MovingImage,-426.95944,81.17216,2.2131147,#EFF3C2,1,8
NationalAnthem,-449.05066,117.748474,2.2131147,#EFF3C2,1,8
NaturalRegion,-312.03775,-307.45825,2.2131147,#EFF3C2,1,18
Nebula,-218.61246,-213.82129,2.2131147,#EFF3C2,1,4
NordicCombined,220.35638,237.92403,2.2131147,#EFF3C2,1,10
OlympicResult,-124.27976,-9.6205845,2.2131147,#EFF3C2,1,3
On-SiteTransportation,-338.44727,-134.64073,2.852459,#F3E74FFE,4,6
Opera,-463.0739,114.60727,2.2131147,#EFF3C2,1,8
OverseasDepartment,-354.4789,-366.90323,2.2131147,#EFF3C2,1,18
Parish,-295.0395,-349.67392,2.2131147,#EFF3C2,1,18
PeriodOfArtisticStyle,-62.547813,58.95832,2.2131147,#EFF3C2,1,12
PhilosophicalConcept,-285.70288,142.69687,2.2131147,#EFF3C2,1,0
PoliticalConcept,-260.74808,134.87401,2.2131147,#EFF3C2,1,0
PoliticianSpouse,215.45236,-1.7238388,2.2131147,#EFF3C2,1,35
Polysaccharide,-125.78554,-83.75221,2.2131147,#EFF3C2,1,1
Population,-160.00043,21.618486,2.2131147,#EFF3C2,1,3
Port,-162.40709,337.25867,2.2131147,#EFF3C2,1,5
Prefecture,-329.08273,-358.2557,2.2131147,#EFF3C2,1,18
PrehistoricalPeriod,-76.156715,72.63815,2.2131147,#EFF3C2,1,12
Producer,207.86694,26.983871,2.2131147,#EFF3C2,1,35
Professor,242.9303,-55.39878,2.2131147,#EFF3C2,1,35
Protocol,-173.15797,-26.627522,2.2131147,#EFF3C2,1,3
ProtohistoricalPeriod,-72.066666,66.86719,2.2131147,#EFF3C2,1,12
Province,-340.6855,-384.952,2.4262295,#F1EF89,2,18
Psychologist,258.35992,4.9807053,2.2131147,#EFF3C2,1,35
PublicService,-213.73024,1.4762222,2.2131147,#EFF3C2,1,3
Pyramid,-193.71985,203.53049,2.2131147,#EFF3C2,1,15
Rebellion,-34.46163,201.2055,2.2131147,#EFF3C2,1,23
RecordOffice,-50.123886,-219.50952,2.2131147,#EFF3C2,1,31
Non-ProfitOrganisation,-44.67105,-228.54181,2.4262295,#F1EF89,2,31
Referee,220.47177,-5.247471,2.2131147,#EFF3C2,1,35
Regency,-340.00848,-364.6898,2.2131147,#EFF3C2,1,18
Reign,-69.20012,72.394135,2.2131147,#EFF3C2,1,12
Relationship,-154.85593,-1.8956217,2.2131147,#EFF3C2,1,3
RestArea,-153.93652,334.52042,2.2131147,#EFF3C2,1,5
RomanEmperor,240.51361,-7.4534454,2.2131147,#EFF3C2,1,35
Satellite,-226.95766,-222.83118,2.4262295,#F1EF89,2,4
ScientificConcept,-260.6873,154.22551,2.2131147,#EFF3C2,1,0
SkiResort,-166.43063,255.49344,2.2131147,#EFF3C2,1,15
Ski_jumper,239.9241,252.96288,2.2131147,#EFF3C2,1,10
Skos,-195.385,28.461365,2.2131147,#EFF3C2,1,3
SoccerLeagueSeason,-324.7634,-26.421501,2.2131147,#EFF3C2,1,19
SpeedSkater,220.93948,261.46216,2.2131147,#EFF3C2,1,10
Spreadsheet,-155.18665,6.958725,2.2131147,#EFF3C2,1,3
Square,-201.49605,180.12854,2.2131147,#EFF3C2,1,15
Standard,-275.4919,131.16502,2.2131147,#EFF3C2,1,0
StarCluster,-167.66357,-25.381086,2.2131147,#EFF3C2,1,3
State,-308.75095,-237.47107,2.2131147,#EFF3C2,1,7
Statistic,-168.99277,28.533443,2.2131147,#EFF3C2,1,3
StillImage,-434.30954,83.43669,2.2131147,#EFF3C2,1,8
StormSurge,-56.861034,153.4197,2.2131147,#EFF3C2,1,23
Street,-300.13928,-225.56049,2.2131147,#EFF3C2,1,7
SubMunicipality,-316.5332,-369.96652,2.2131147,#EFF3C2,1,18
Surfer,233.06683,129.22258,2.2131147,#EFF3C2,1,16
Swarm,-207.38063,-224.37521,2.6393442,#F3EA51,3,4
SystemOfLaw,-275.23868,159.1122,2.2131147,#EFF3C2,1,0
Tank,-164.88748,24.575611,2.2131147,#EFF3C2,1,3
Tax,-280.2808,154.9808,2.2131147,#EFF3C2,1,0
Taxon,-256.70016,142.65778,2.2131147,#EFF3C2,1,0
TeamMember,213.29547,124.54057,2.2131147,#EFF3C2,1,16
TeamSport,-148.47443,119.72393,2.2131147,#EFF3C2,1,27
TelevisionDirector,255.01453,-0.35956955,2.2131147,#EFF3C2,1,35
Territory,-277.2597,-245.67514,2.4262295,#F1EF89,2,7
TheatreDirector,254.65506,37.500557,2.2131147,#EFF3C2,1,35
TheologicalConcept,-291.25806,156.61772,2.4262295,#F1EF89,2,0
TrainCarriage,-318.97464,-108.67791,2.2131147,#EFF3C2,1,6
Tram,-309.26514,-117.64057,2.2131147,#EFF3C2,1,6
UndergroundJournal,-515.2775,264.87253,2.2131147,#EFF3C2,1,38
Unknown,-150.6004,-22.078224,2.4262295,#F1EF89,2,3
Vicar,312.94647,-47.73977,2.2131147,#EFF3C2,1,9
WaterPoloPlayer,201.92505,164.87993,2.2131147,#EFF3C2,1,16
WaterTower,-198.45705,224.32785,2.2131147,#EFF3C2,1,15
Woman,261.06046,25.311455,2.2131147,#EFF3C2,1,35
Zoo,-189.5073,194.67499,2.2131147,#EFF3C2,1,15
prov:Entity,-185.19406,30.760317,2.2131147,#EFF3C2,1,3
prov:Revision,-209.3228,-15.612645,2.2131147,#EFF3C2,1,3
Gnetophytes,74.27228,-7.4559793,2.2131147,#EFF3C2,1,11
Conifer,52.664352,-18.95171,2.2131147,#EFF3C2,1,11
InlineHockeyLeague,50.415054,-292.4851,2.2131147,#EFF3C2,1,29
SportsLeague,61.97731,-311.9825,8.606558,#F58C0C,31,29
BowlingLeague,73.05391,-328.62274,2.2131147,#EFF3C2,1,29
Ambassador,334.49304,54.84687,2.2131147,#EFF3C2,1,26
AustralianFootballLeague,79.05699,-328.991,2.2131147,#EFF3C2,1,29
AutoRacingLeague,64.93291,-332.12024,2.2131147,#EFF3C2,1,29
BaseballLeague,70.58629,-334.06586,2.2131147,#EFF3C2,1,29
Castle,-279.4559,281.83826,2.2131147,#EFF3C2,1,21
Cheese,-96.24014,-4.190835,2.2131147,#EFF3C2,1,33
Cinema,-279.02942,336.828,2.2131147,#EFF3C2,1,21
Venue,-281.7972,327.29684,2.852459,#F3E74FFE,4,21
ClassicalMusicArtist,295.38776,-146.39272,2.2131147,#EFF3C2,1,34
MusicalArtist,304.76453,-142.59853,3.2786884,#F3E04A,6,34
CombinationDrug,-42.626503,-78.350586,2.2131147,#EFF3C2,1,13
Comedian,298.45636,-89.15643,2.2131147,#EFF3C2,1,34
ComicStrip,-546.45685,225.06183,2.2131147,#EFF3C2,1,38
Comic,-536.6772,226.31564,3.0655737,#F3E44C,5,38
ComicsCreator,274.23184,-90.58342,2.2131147,#EFF3C2,1,34
Congressman,311.03204,44.859283,2.2131147,#EFF3C2,1,26
Dancer,283.6667,-100.87517,2.2131147,#EFF3C2,1,34
FashionDesigner,290.0008,-98.966095,2.2131147,#EFF3C2,1,34
Governor,331.8907,62.554146,2.2131147,#EFF3C2,1,26
Historian,183.7425,-52.490227,2.2131147,#EFF3C2,1,35
JewishLeader,168.36227,-1.4076729,2.2131147,#EFF3C2,1,35
LatterDaySaint,165.28693,-7.626522,2.2131147,#EFF3C2,1,35
Mayor,331.4486,68.6909,2.2131147,#EFF3C2,1,26
MemberOfParliament,319.53412,70.42469,2.2131147,#EFF3C2,1,26
MixedMartialArtsLeague,66.187485,-288.99005,2.2131147,#EFF3C2,1,29
MonoclonalAntibody,-49.1219,-79.14739,2.2131147,#EFF3C2,1,13
MotorcycleRacingLeague,78.40056,-322.99362,2.2131147,#EFF3C2,1,29
MythologicalFigure,-66.446075,-168.40958,2.2131147,#EFF3C2,1,30
NascarDriver,126.617035,244.46907,2.2131147,#EFF3C2,1,14
NationalFootballLeagueEvent,-20.989254,227.5646,2.2131147,#EFF3C2,1,28
Painter,275.04422,-83.64923,2.2131147,#EFF3C2,1,34
Photographer,280.21155,-95.83185,2.2131147,#EFF3C2,1,34
Poem,-498.3011,230.27971,2.2131147,#EFF3C2,1,38
Poet,183.89319,-64.823715,2.2131147,#EFF3C2,1,35
PoloLeague,54.348404,-331.28595,2.2131147,#EFF3C2,1,29
President,330.6388,41.179474,2.2131147,#EFF3C2,1,26
Pretender,296.9843,12.39386,2.2131147,#EFF3C2,1,35
PrimeMinister,337.86688,49.566315,2.2131147,#EFF3C2,1,26
Prison,-289.3361,303.27853,2.2131147,#EFF3C2,1,21
RailwayStation,-121.04436,352.2974,2.2131147,#EFF3C2,1,5
Rebbe,171.60907,-10.5216255,2.2131147,#EFF3C2,1,35
ScreenWriter,196.31314,-63.131683,2.2131147,#EFF3C2,1,35
Sea,-419.83987,-224.46375,2.2131147,#EFF3C2,1,20
Skyscraper,-291.6315,288.84503,2.2131147,#EFF3C2,1,21
SoapCharacter,-60.94362,-158.10562,2.2131147,#EFF3C2,1,30
GreenAlga,56.836517,-24.77783,2.2131147,#EFF3C2,1,11
AnimangaCharacter,-49.00976,-170.15816,2.2131147,#EFF3C2,1,30
ComicsCharacter,-56.552185,-167.6551,2.4262295,#F1EF89,2,30
VolleyballLeague,58.459305,-289.16394,2.2131147,#EFF3C2,1,29
Stadium,-286.52563,334.78067,2.2131147,#EFF3C2,1,21
Vaccine,-39.5244,-72.61624,2.2131147,#EFF3C2,1,13
FormulaOneRacer,133.04453,246.54149,2.2131147,#EFF3C2,1,14
Senator,324.41516,40.487877,2.2131147,#EFF3C2,1,26
Bay,-416.52322,-243.20587,2.2131147,#EFF3C2,1,20
CanadianFootballLeague,86.21843,-313.30963,2.2131147,#EFF3C2,1,29
Battery,-297.32507,24.77302,2.2131147,#EFF3C2,1,36
Chancellor,337.6541,60.205826,2.2131147,#EFF3C2,1,26
CricketLeague,82.29219,-299.18378,2.2131147,#EFF3C2,1,29
GolfLeague,68.99498,-295.27368,2.2131147,#EFF3C2,1,29
LacrosseLeague,48.831253,-328.8894,2.2131147,#EFF3C2,1,29
OlympicEvent,7.24564,240.53482,2.2131147,#EFF3C2,1,28
Olympics,-1.0446739,241.97882,2.4262295,#F1EF89,2,28
SpeedwayLeague,45.21956,-324.0309,2.2131147,#EFF3C2,1,29
WaterRide,-169.18831,202.66904,2.2131147,#EFF3C2,1,15
ClubMoss,63.83864,-26.313046,2.2131147,#EFF3C2,1,11
Moss,67.07457,-2.6543407,2.2131147,#EFF3C2,1,11
VideogamesLeague,84.308,-321.54144,2.2131147,#EFF3C2,1,29
Cycad,76.499084,-15.463343,2.2131147,#EFF3C2,1,11
BoxingLeague,49.551254,-298.47693,2.2131147,#EFF3C2,1,29
AmericanFootballLeague,59.471725,-334.48123,2.2131147,#EFF3C2,1,29
Fern,72.97011,-22.546482,2.2131147,#EFF3C2,1,11
SoftballLeague,78.711075,-303.87753,2.2131147,#EFF3C2,1,29
TennisLeague,85.19417,-305.6201,2.2131147,#EFF3C2,1,29
AutomobileEngine,-330.00247,26.328201,2.2131147,#EFF3C2,1,36
Engine,-321.9978,31.275633,2.6393442,#F3EA51,3,36
Beverage,-58.053944,-8.596929,2.852459,#F3E74FFE,4,33
Book,-481.00787,212.92099,2.2131147,#EFF3C2,1,38
City,-242.09567,-291.14825,2.6393442,#F3EA51,3,7
CityDistrict,-258.78223,-285.42035,2.2131147,#EFF3C2,1,7
CultivatedVariety,52.510605,-11.354218,2.2131147,#EFF3C2,1,11
EurovisionSongContestEntry,-482.95044,111.15023,2.2131147,#EFF3C2,1,8
FootballMatch,-23.301872,250.19434,2.2131147,#EFF3C2,1,28
GovernmentAgency,-53.28151,-238.61508,2.4262295,#F1EF89,2,31
GrandPrix,-7.8870544,234.29947,2.2131147,#EFF3C2,1,28
HistoricBuilding,-271.725,305.44464,2.2131147,#EFF3C2,1,21
Hotel,-292.82227,296.0652,2.2131147,#EFF3C2,1,21
InformationAppliance,-303.26096,38.158436,2.2131147,#EFF3C2,1,36
Lake,-425.29672,-239.26785,2.2131147,#EFF3C2,1,20
Legislature,-36.11891,-233.823,2.2131147,#EFF3C2,1,31
Manga,-537.5059,235.70935,2.2131147,#EFF3C2,1,38
MilitaryUnit,-22.071472,-236.655,2.2131147,#EFF3C2,1,31
MotorsportSeason,-268.51147,-23.397545,2.2131147,#EFF3C2,1,19
Museum,-271.93698,284.48804,2.2131147,#EFF3C2,1,21
NationalFootballLeagueSeason,-346.85687,-40.56389,2.2131147,#EFF3C2,1,19
Outbreak,-81.58176,131.7187,2.2131147,#EFF3C2,1,23
Pharaoh,294.69916,3.1463242,2.2131147,#EFF3C2,1,35
Play,-485.54852,229.5222,2.2131147,#EFF3C2,1,38
PoliticalFunction,-143.75638,47.922394,2.2131147,#EFF3C2,1,3
PoliticalParty,-16.280945,-251.0224,2.2131147,#EFF3C2,1,31
Restaurant,-280.6544,307.53946,2.2131147,#EFF3C2,1,21
RollerCoaster,-169.32274,195.24081,2.2131147,#EFF3C2,1,15
RugbyLeague,74.63982,-298.73343,2.2131147,#EFF3C2,1,29
ShoppingMall,-267.15952,291.12268,2.2131147,#EFF3C2,1,21
SoccerLeague,43.37587,-306.63776,2.2131147,#EFF3C2,1,29
Theatre,-273.66217,331.40884,2.2131147,#EFF3C2,1,21
Town,-251.89673,-280.55014,2.2131147,#EFF3C2,1,7
TradeUnion,-30.977448,-265.35416,2.2131147,#EFF3C2,1,31
Village,-249.9346,-273.6085,2.2131147,#EFF3C2,1,7
Weapon,-303.18616,30.29119,2.2131147,#EFF3C2,1,36
WrestlingEvent,-28.818428,233.12027,2.2131147,#EFF3C2,1,28
BasketballLeague,80.973526,-316.46698,2.2131147,#EFF3C2,1,29
HandballLeague,62.579178,-293.8793,2.2131147,#EFF3C2,1,29
IceHockeyLeague,41.687485,-312.53735,2.2131147,#EFF3C2,1,29
MixedMartialArtsEvent,-11.162571,248.18701,2.2131147,#EFF3C2,1,28
ReligiousBuilding,-318.68558,331.3095,3.4918032,#F3DD47,7,21
FieldHockeyLeague,44.08049,-300.76013,2.2131147,#EFF3C2,1,29
Ginkgo,57.96144,-4.3424444,2.2131147,#EFF3C2,1,11
BritishRoyalty,306.8827,4.8589325,2.4262295,#F1EF89,2,35
CurlingLeague,72.81477,-290.73416,2.2131147,#EFF3C2,1,29
Instrumentalist,307.59662,-162.4793,2.4262295,#F1EF89,2,34
Annotation,-514.569,208.11569,2.4262295,#F1EF89,2,38
Article,-483.8819,206.84616,2.2131147,#EFF3C2,1,38
BackScene,312.3313,-148.94441,2.2131147,#EFF3C2,1,34
Beer,-49.233727,-13.229962,2.2131147,#EFF3C2,1,33
BoardGame,-163.27014,122.441315,2.2131147,#EFF3C2,1,27
BrownDwarf,-198.12009,-206.42682,2.2131147,#EFF3C2,1,4
Camera,-304.68655,50.323498,2.4262295,#F1EF89,2,36
Capital,-235.04832,-296.6659,2.2131147,#EFF3C2,1,7
CapitalOfRegion,-232.94756,-289.3201,2.2131147,#EFF3C2,1,7
CardGame,-170.45886,122.25325,2.2131147,#EFF3C2,1,27
Casino,-286.70218,283.61148,2.2131147,#EFF3C2,1,21
Chief,325.35852,68.18064,2.2131147,#EFF3C2,1,26
Church,-329.40143,333.6581,2.2131147,#EFF3C2,1,21
Competition,-73.509895,126.60098,2.4262295,#F1EF89,2,23
CyclingCompetition,-30.27251,242.87888,2.2131147,#EFF3C2,1,28
CyclingLeague,42.600082,-318.4172,2.2131147,#EFF3C2,1,29
DTMRacer,122.70261,239.22328,2.2131147,#EFF3C2,1,14
Decoration,-126.446144,24.317024,2.2131147,#EFF3C2,1,3
Deputy,307.05908,53.948074,2.2131147,#EFF3C2,1,26
DisneyCharacter,-65.42652,-151.62238,2.2131147,#EFF3C2,1,30
Drama,-479.71863,219.0906,2.2131147,#EFF3C2,1,38
EmployersOrganisation,-43.3033,-238.47253,2.2131147,#EFF3C2,1,31
Factory,-266.99106,299.0595,2.2131147,#EFF3C2,1,21
FormulaOneRacing,55.979965,-294.8878,2.2131147,#EFF3C2,1,29
Fort,-184.9673,172.10349,2.2131147,#EFF3C2,1,15
GeopoliticalOrganisation,-20.916107,-260.96356,2.2131147,#EFF3C2,1,31
GovernmentCabinet,-61.415306,-232.3454,2.2131147,#EFF3C2,1,31
GraveMonument,-230.46704,178.61801,2.2131147,#EFF3C2,1,15
HistoricalAreaOfAuthority,-327.2882,-333.5624,2.4262295,#F1EF89,2,18
HistoricalCountry,-319.32263,-250.89972,2.2131147,#EFF3C2,1,7
HistoricalSettlement,-254.85272,-268.27457,2.2131147,#EFF3C2,1,7
Humorist,295.74255,-95.99954,2.2131147,#EFF3C2,1,34
Instrument,-321.03088,49.19636,2.6393442,#F3EA51,3,36
InternationalFootballLeagueEvent,-12.829105,228.46283,2.2131147,#EFF3C2,1,28
InternationalOrganisation,-40.681213,-262.82086,2.2131147,#EFF3C2,1,31
Law,-491.823,230.11433,2.2131147,#EFF3C2,1,38
Letter,-504.09894,205.00632,2.2131147,#EFF3C2,1,38
Lieutenant,313.82635,67.52815,2.2131147,#EFF3C2,1,26
LifeCycleEvent,-86.87369,142.3002,2.4262295,#F1EF89,2,23
LightNovel,-381.6107,0.62688446,2.2131147,#EFF3C2,1,32
Novel,-388.2275,3.2146683,2.4262295,#F1EF89,2,32
Manhua,-544.6559,232.42851,2.2131147,#EFF3C2,1,38
Manhwa,-541.6909,218.79501,2.2131147,#EFF3C2,1,38
Memorial,-235.08813,185.1211,2.2131147,#EFF3C2,1,15
MetroStation,-124.99428,346.6592,2.2131147,#EFF3C2,1,5
MilitaryAircraft,-337.06683,-116.90852,2.2131147,#EFF3C2,1,6
Minister,332.23944,47.152992,2.2131147,#EFF3C2,1,26
MobilePhone,-296.85623,44.86688,2.2131147,#EFF3C2,1,36
Monastery,-319.16455,342.31073,2.2131147,#EFF3C2,1,21
Mosque,-321.73837,322.1488,2.2131147,#EFF3C2,1,21
MultiVolumePublication,-483.66034,223.95686,2.2131147,#EFF3C2,1,38
Murderer,165.01147,34.35138,2.4262295,#F1EF89,2,35
MusicComposer,180.83994,-58.507824,2.2131147,#EFF3C2,1,35
MusicDirector,298.46503,-152.58699,2.2131147,#EFF3C2,1,34
NarutoCharacter,-74.86104,-168.33228,2.2131147,#EFF3C2,1,30
NationalSoccerClub,13.807831,-194.75214,2.2131147,#EFF3C2,1,31
NobelPrize,-129.34811,30.793253,2.2131147,#EFF3C2,1,3
NuclearPowerStation,-135.46342,329.7346,2.2131147,#EFF3C2,1,5
Ocean,-426.60626,-229.40765,2.2131147,#EFF3C2,1,20
PaintballLeague,78.25902,-294.0824,2.2131147,#EFF3C2,1,29
Painting,-400.17548,172.75893,2.2131147,#EFF3C2,1,8
Parliament,-47.6933,-247.14865,2.2131147,#EFF3C2,1,31
PenaltyShootOut,-94.61481,134.48203,2.2131147,#EFF3C2,1,23
PlayWright,190.64673,-66.68494,2.2131147,#EFF3C2,1,35
Profession,-149.43408,52.1333,2.2131147,#EFF3C2,1,3
Quote,-497.0238,201.56755,2.2131147,#EFF3C2,1,38
RadioControlledRacingLeague,80.98662,-309.8232,2.2131147,#EFF3C2,1,29
RallyDriver,126.36548,233.58977,2.2131147,#EFF3C2,1,14
ReligiousOrganisation,-12.619415,-240.05801,2.4262295,#F1EF89,2,31
Resume,-508.7171,218.89265,2.2131147,#EFF3C2,1,38
Robot,-288.6236,45.170918,2.2131147,#EFF3C2,1,36
RocketEngine,-331.39148,33.664616,2.2131147,#EFF3C2,1,36
RouteStop,-123.43359,358.49298,2.2131147,#EFF3C2,1,5
SambaSchool,-46.625305,-255.86737,2.2131147,#EFF3C2,1,31
Sculptor,274.36545,-97.468124,2.2131147,#EFF3C2,1,34
Sculpture,-407.30582,169.55975,2.2131147,#EFF3C2,1,8
Shrine,-311.92435,339.02646,2.2131147,#EFF3C2,1,21
Singer,305.49054,-152.49034,2.2131147,#EFF3C2,1,34
SongWriter,188.27414,-59.65989,2.2131147,#EFF3C2,1,35
StatedResolution,-504.63672,226.55038,2.2131147,#EFF3C2,1,38
Synagogue,-328.15558,326.65268,2.2131147,#EFF3C2,1,21
Temple,-325.92252,339.75156,2.2131147,#EFF3C2,1,21
TermOfOffice,-28.697495,-233.24762,2.2131147,#EFF3C2,1,31
TramStation,-129.88531,361.22495,2.2131147,#EFF3C2,1,5
Treaty,-489.633,202.64053,2.2131147,#EFF3C2,1,38
VaccinationStatistics,-42.866215,-66.945915,2.2131147,#EFF3C2,1,13
VicePresident,317.63654,40.567368,2.2131147,#EFF3C2,1,26
VicePrimeMinister,308.86298,62.401093,2.2131147,#EFF3C2,1,26
Vodka,-48.59468,-5.2708817,2.2131147,#EFF3C2,1,33
Wine,-37.095314,-11.134324,2.4262295,#F1EF89,2,33
Guitarist,305.7052,-171.20845,2.2131147,#EFF3C2,1,34
Baronet,314.29816,1.280117,2.2131147,#EFF3C2,1,35
book,-384.98697,9.540504,2.2131147,#EFF3C2,1,32
ArtificialSatellite,-225.0306,-230.24008,2.2131147,#EFF3C2,1,4
Archive,-410.25925,146.17337,2.2131147,#EFF3C2,1,8
ChristianDoctrine,-298.94348,161.06163,2.2131147,#EFF3C2,1,0
ClericalOrder,-6.0071106,-234.06055,2.2131147,#EFF3C2,1,31
CoalPit,-237.83682,-166.4255,2.2131147,#EFF3C2,1,4
Contest,-65.173485,126.40509,2.2131147,#EFF3C2,1,23
ControlledDesignationOfOriginWine,-27.462448,-12.34616,2.2131147,#EFF3C2,1,33
ConveyorSystem,-348.33664,-135.91747,2.2131147,#EFF3C2,1,6
DigitalCamera,-308.6556,57.950882,2.2131147,#EFF3C2,1,36
ElectricalSubstation,-225.92085,202.8374,2.2131147,#EFF3C2,1,15
Escalator,-339.55444,-144.48056,2.2131147,#EFF3C2,1,6
Globularswarm,-197.51381,-224.71216,2.2131147,#EFF3C2,1,4
Guitar,-326.7739,56.9485,2.2131147,#EFF3C2,1,36
HistoricalDistrict,-320.90195,-395.3356,2.2131147,#EFF3C2,1,18
HistoricalProvince,-346.89386,-388.8101,2.2131147,#EFF3C2,1,18
HumanGeneLocation,-220.39851,47.93455,2.2131147,#EFF3C2,1,3
Manor,-328.22705,-325.95407,2.2131147,#EFF3C2,1,18
MouseGene,-3.6976013,-53.63949,2,#EDF8FB,0,37
MouseGeneLocation,-225.87637,43.110165,2.2131147,#EFF3C2,1,3
MovingWalkway,-346.55136,-142.83792,2.2131147,#EFF3C2,1,6
NobleFamily,-100.10533,-157.30606,2.2131147,#EFF3C2,1,30
OldTerritory,-268.26727,-245.15051,2.2131147,#EFF3C2,1,7
Openswarm,-201.15076,-231.32935,2.2131147,#EFF3C2,1,4
Organ,-330.7198,50.623734,2.2131147,#EFF3C2,1,36
PersonalEvent,-85.294044,150.10005,2.2131147,#EFF3C2,1,23
Reference,-520.72375,202.83325,2.2131147,#EFF3C2,1,38
SerialKiller,153.92828,36.195953,2.2131147,#EFF3C2,1,35
SingleList,-182.87071,69.42826,2.2131147,#EFF3C2,1,3
TrackList,-177.59845,64.949936,2.2131147,#EFF3C2,1,3
Treadmill,-232.15628,228.65497,2.2131147,#EFF3C2,1,15
Watermill,-239.81909,227.60172,2.2131147,#EFF3C2,1,15
WikimediaTemplate,-139.44247,-29.09447,2.2131147,#EFF3C2,1,3
WindMotor,-241.94717,214.51892,2.2131147,#EFF3C2,1,15
Windmill,-244.00482,221.66043,2.2131147,#EFF3C2,1,15
WorkSequence,-188.99149,66.26632,2.2131147,#EFF3C2,1,3
